nombre_pasajero,apellido_pasajero,domicilio
Chrissie,Burmaster,29842 Schmedeman Crossing
Alister,Beazer,13 Harper Lane
Osbourne,Fernao,20 Debs Street
Francklin,Urien,2 Westridge Park
Beret,Anderson,5744 Badeau Hill
Zechariah,Keener,0206 Tennyson Park
Derrik,Fynes,58355 Kim Center
Lettie,Ord,9759 Westerfield Parkway
Ediva,Twiggs,10459 American Ash Avenue
Albertine,Pulster,4 Continental Drive
Karilynn,Wibberley,5 Dunning Crossing
Ketti,Hinrichsen,28 Sutherland Crossing
Giacopo,Szymanek,34 Cambridge Junction
Richard,Feehan,80683 Forest Dale Parkway
Liuka,Refford,0824 Hanson Crossing
Cher,Haylett,1087 Hermina Lane
Niki,Pescud,271 Bunker Hill Hill
Keith,Tooley,8 Sycamore Terrace
Elia,Guynemer,827 Lotheville Center
Millard,Dollard,62 Bonner Drive
